0_RfR 0,0_RfR 1,0_RfR 2,1_RfR 0,1_RfR 1,1_RfR 2,2_RfR 0,2_RfR 1,2_RfR 2,3_RfR 0,3_RfR 1,3_RfR 2,4_RfR 0,4_RfR 1,4_RfR 2,EWS_DaysToThreat,A.1_DikeIncrease 0,A.1_DikeIncrease 1,A.1_DikeIncrease 2,A.2_DikeIncrease 0,A.2_DikeIncrease 1,A.2_DikeIncrease 2,A.3_DikeIncrease 0,A.3_DikeIncrease 1,A.3_DikeIncrease 2,A.4_DikeIncrease 0,A.4_DikeIncrease 1,A.4_DikeIncrease 2,A.5_DikeIncrease 0,A.5_DikeIncrease 1,A.5_DikeIncrease 2,Expected Annual Damage,Dike Investment Costs,RfR Investment Costs,Evacuation Costs,Expected Number of Deaths
0,0,0,0,0,0,1,1,1,0,0,0,0,0,0,0,3,0,0,5,0,0,9,0,0,7,2,2,3,0,0,19491030.47515079,206121160.45479912,92100000.0,0.0,0.014014312945154627
0,0,0,0,0,0,0,0,1,0,0,0,0,0,0,0,4,0,0,6,0,0,10,1,0,0,1,2,3,0,0,50857724.56111679,230768607.15021113,30700000.0,0.0,0.05457677062647416
0,1,0,0,0,0,0,0,0,0,0,0,0,0,0,0,0,0,0,0,0,0,6,0,0,0,0,0,0,0,0,2433029865.8810267,31398797.71871161,84600000.0,0.0,2.207918862217829
0,1,0,0,0,0,0,1,0,0,0,0,0,0,0,0,0,0,0,0,0,0,7,0,0,0,0,0,0,0,0,1273528866.7337742,34221561.73832255,115300000.0,0.0,0.8167085157811517
0,1,0,0,0,0,1,1,1,0,0,0,0,0,0,0,0,0,0,0,0,0,0,0,0,0,0,0,0,0,0,3235616524.1505885,0.0,176700000.0,0.0,3.350611311644034
0,0,0,0,0,0,1,0,1,0,0,0,0,0,0,0,0,0,0,0,0,0,0,0,0,0,0,0,0,0,0,6256386201.70347,0.0,61400000.0,0.0,4.7662015642648115
0,0,0,0,0,0,0,1,1,0,0,0,0,0,0,0,1,0,0,0,0,0,7,0,0,0,0,0,0,0,0,1558769552.8220935,66916462.83248448,61400000.0,0.0,0.9248852036515756
0,1,0,0,0,0,1,1,1,0,0,1,0,0,0,0,0,0,0,0,0,0,0,0,0,0,0,0,0,0,0,3131187095.1321807,0.0,297900000.0,0.0,3.2859169112316233
0,0,0,0,0,0,0,0,1,0,0,0,0,0,0,0,0,0,0,0,0,0,0,0,0,0,0,0,0,0,0,6604597457.885209,0.0,30700000.0,0.0,4.977636158174462
0,1,0,0,0,0,0,0,1,0,0,0,0,0,0,0,0,0,0,0,0,0,6,0,0,0,0,0,0,0,0,1681658086.6788735,31398797.71871161,115300000.0,0.0,1.3061529082826546
0,0,0,0,0,0,0,0,1,0,0,0,0,0,0,0,1,0,0,0,0,0,0,0,0,0,0,0,0,0,0,3954353720.722899,32694901.094161935,30700000.0,0.0,3.773190040320111
0,1,0,0,0,0,1,1,0,0,0,0,0,0,0,0,0,0,0,0,0,0,0,0,0,0,0,0,0,0,0,3511542650.3593893,0.0,146000000.0,0.0,3.5240796555657066
0,0,0,0,0,0,0,1,1,0,0,0,0,0,0,0,0,0,0,0,0,0,4,0,0,0,0,0,0,0,0,4815251062.384846,26403379.542306438,61400000.0,0.0,3.0381060537758913
1,1,0,0,0,0,1,1,1,1,0,1,0,0,0,0,0,0,0,0,0,0,4,0,0,0,0,0,0,0,0,770113192.1737714,26403379.542306438,503700000.0,0.0,0.531291886057865
0,0,0,0,0,0,1,1,0,0,0,0,0,0,0,0,0,0,0,0,0,0,6,0,0,0,0,0,0,0,0,3927810651.666937,31398797.71871161,61400000.0,0.0,1.9739575587824603
0,1,0,0,0,0,0,1,0,0,0,0,0,0,0,2,0,0,0,2,0,0,9,0,0,0,0,0,0,0,0,511046179.78311574,83427467.04207496,115300000.0,15999.628420870613,0.04984634235857629
0,1,0,0,0,0,0,1,1,0,0,0,0,0,0,0,0,0,0,0,0,0,6,0,0,0,0,0,0,0,0,1182967100.3228552,31398797.71871161,146000000.0,0.0,0.7318356500833549
0,0,0,0,0,0,0,1,1,0,0,0,0,0,0,0,1,0,0,0,0,0,6,0,0,0,0,0,0,0,0,1561374931.5890431,64093698.81287354,61400000.0,0.0,0.9280093682267434
0,0,0,0,0,0,0,0,1,0,0,0,0,0,0,0,0,0,0,0,0,0,5,0,0,0,0,0,0,0,0,5346355587.752069,28798397.130608946,30700000.0,0.0,3.4688518203542698
0,0,0,0,0,0,0,0,0,0,0,0,0,0,0,0,0,0,0,0,0,0,0,0,0,0,0,0,0,0,0,7040998457.143192,0.0,0.0,0.0,5.26608738733336
1,0,1,0,0,0,1,1,1,0,1,0,0,0,1,3,0,0,0,2,0,0,5,0,0,0,0,0,0,0,0,309892371.34659106,71616812.80210674,638600000.0,12836.910699775923,0.029500152975971437
0,0,0,0,0,0,0,0,1,0,0,0,0,0,0,0,1,0,0,0,0,0,6,0,0,0,0,0,0,0,0,2061150645.5323489,64093698.81287354,30700000.0,0.0,1.503010342788446
1,0,1,0,0,0,1,1,1,1,1,1,0,0,0,2,0,0,0,3,0,0,5,0,0,0,0,0,0,0,0,173085356.6320374,76641096.69370905,624900000.0,5572.575531785543,0.026063350135194525
0,0,0,0,0,0,1,0,0,0,0,0,0,0,0,0,0,0,0,0,0,0,6,0,0,0,0,0,0,0,0,4381281911.001678,31398797.71871161,30700000.0,0.0,2.3116116403168157
0,1,0,0,0,0,1,0,1,0,0,0,0,0,0,0,0,0,0,0,0,0,7,0,0,0,0,0,0,0,0,1180361721.5559056,34221561.73832255,146000000.0,0.0,0.7287114855081871
1,0,0,0,0,0,1,1,1,0,1,0,0,0,0,3,0,0,0,1,0,0,6,0,0,0,0,0,0,0,0,472288443.45392704,69643919.67047566,297900000.0,18634.449212214346,0.03544227354832968
1,0,0,0,0,0,0,0,0,0,0,0,0,0,0,1,0,0,0,0,0,0,0,0,0,0,0,0,0,0,0,3637603692.7446575,0.0,84600000.0,70206.11339056719,1.3148455386815607
0,1,0,0,0,0,1,1,1,0,0,1,0,0,0,1,3,0,0,5,0,0,9,0,0,0,0,0,0,0,0,19390411.945958383,142310659.95569274,297900000.0,382.42965979476685,0.004994496162996583
0,1,0,0,0,0,0,1,1,0,0,0,0,0,0,0,0,0,0,0,0,0,4,0,0,0,0,0,0,0,0,3455734966.3070736,26403379.542306438,146000000.0,0.0,3.457159485742363
0,1,0,0,0,0,0,0,1,0,0,0,0,0,0,0,0,0,0,0,0,0,0,0,0,0,0,0,0,0,0,3574861161.869424,0.0,115300000.0,0.0,3.5763326058143194
1,0,1,0,0,0,1,1,1,1,0,1,0,0,0,3,0,0,0,0,0,0,5,0,0,0,0,0,0,0,0,677489476.1370249,28798397.130608946,503700000.0,29463.024053497196,0.050426980387525744
0,0,0,0,0,0,1,1,0,0,0,0,0,0,0,0,4,0,0,8,0,0,9,3,0,4,7,0,3,0,0,12382490.9882468,258836740.86684525,61400000.0,0.0,0.016733015361870884
0,0,0,0,0,0,1,0,0,0,0,0,0,0,0,1,3,0,0,4,0,0,9,0,0,0,0,0,0,0,0,171791964.38630372,136259130.62516436,30700000.0,3292.1175825439614,0.051230432234441375
0,1,0,0,0,0,0,1,1,0,0,0,0,0,0,0,1,0,0,0,0,0,6,0,0,0,0,0,0,0,0,1137977217.867632,64093698.81287354,146000000.0,0.0,0.7100102087920618
1,1,0,0,0,0,1,1,1,0,0,0,0,0,0,0,0,0,0,7,0,0,10,0,0,5,0,0,3,0,0,0.0,158950768.3691649,261300000.0,0.0,0.0
0,1,0,0,0,0,1,1,1,0,1,1,0,0,0,0,0,0,0,0,0,0,0,0,0,0,0,0,0,0,0,3053660287.3957314,0.0,419100000.0,0.0,3.2374184479115273
1,1,0,0,0,0,1,1,1,1,0,0,0,0,0,0,0,0,0,0,0,0,4,0,0,0,0,0,0,0,0,983648280.4572647,26403379.542306438,382500000.0,0.0,0.7428807442966433
1,0,0,0,0,0,0,0,1,0,0,0,0,0,0,0,0,0,0,4,0,0,10,0,0,0,0,0,0,0,0,180476233.86634517,97573593.96979272,115300000.0,0.0,0.11598345037113048
1,0,1,0,0,0,1,1,1,0,1,0,0,0,0,0,0,0,0,4,0,0,10,0,0,0,0,0,0,0,0,40845486.45581976,97573593.96979272,382500000.0,0.0,0.02850305738432131
1,0,0,0,0,0,1,0,1,0,0,0,0,0,0,0,0,0,0,0,0,0,5,0,0,0,0,0,0,0,0,1765611333.3571362,28798397.130608946,146000000.0,0.0,1.4304966263155021
1,0,0,0,0,0,1,1,1,1,0,0,0,0,0,2,1,0,0,0,0,0,5,0,0,0,0,0,0,0,0,755016283.873474,61493298.22477088,297900000.0,26417.79702353547,0.07030849498242157
0,1,0,0,0,0,0,1,1,0,0,1,0,0,0,3,0,0,0,5,0,0,10,0,0,0,3,0,0,0,0,64631840.72416258,112078530.99692915,267200000.0,1149.2255976763913,0.004326098757003294
0,0,0,0,0,0,0,0,1,0,0,0,0,0,0,3,3,0,0,5,0,0,10,0,0,0,0,0,0,0,0,69362696.61943133,145916628.9546974,30700000.0,2828.0788040578364,0.0059103154338144654
0,0,0,0,0,0,0,1,1,0,0,1,0,0,0,2,3,0,0,5,0,0,10,0,0,0,0,0,0,0,0,19641958.268939406,145916628.9546974,182600000.0,640.7171427716034,0.002133807252560122
0,0,0,0,0,0,0,0,0,0,0,0,0,0,0,0,3,0,0,0,0,0,9,0,0,0,0,0,0,0,0,1242425614.6727605,82900557.02495345,0.0,0.0,0.7989527511018086
0,1,0,0,0,0,1,1,1,0,0,0,0,0,0,0,0,0,0,0,0,0,5,0,0,0,0,0,0,0,0,904435595.3471051,28798397.130608946,176700000.0,0.0,0.5552431415865144
1,0,0,0,0,0,1,1,1,0,0,1,0,0,0,0,0,0,0,0,0,0,5,0,0,0,0,0,0,0,0,800006166.3286973,28798397.130608946,297900000.0,0.0,0.49054874117410374
0,1,1,0,0,0,1,1,1,1,0,0,0,0,0,3,0,0,0,7,0,0,10,0,0,0,0,1,3,0,0,4106697.2277021166,154202796.9925767,382500000.0,194.41400462418662,0.00021287661126024598
0,0,0,0,0,0,0,0,0,0,0,0,0,0,0,1,3,0,0,7,0,0,10,6,0,0,0,0,0,1,0,69332010.99836807,228796753.36101806,0.0,1206.1422152713817,0.028185878509713644
1,1,0,0,0,0,1,1,1,0,0,0,0,0,0,0,0,0,0,3,0,0,6,0,0,0,0,0,0,0,0,160225993.6011812,79241497.28181171,261300000.0,0.0,0.12586168937574987
0,0,0,0,0,0,0,0,0,0,0,0,0,0,0,0,1,0,0,0,0,0,6,0,0,0,0,0,0,0,0,2813622524.056319,64093698.81287354,0.0,0.0,2.405469702068345
1,1,0,0,0,0,1,0,1,1,0,0,0,0,0,0,0,0,0,7,0,0,9,0,0,0,0,0,0,0,0,36896211.98232472,113924501.6415258,351800000.0,0.0,0.04958711519806574
0,0,0,0,0,0,1,1,1,0,0,0,0,0,0,1,3,0,0,3,0,0,9,0,0,0,0,0,0,0,0,128832836.59703407,130743256.58805355,92100000.0,2595.67963586759,0.03138329503465144
0,0,1,0,0,0,1,0,0,0,0,0,0,0,0,0,0,0,0,0,0,0,5,0,0,0,0,0,0,0,0,3189428395.5639524,28798397.130608946,115300000.0,0.0,3.1141520546116546
0,0,1,0,0,0,0,1,1,0,0,0,0,0,0,2,0,0,0,1,0,0,6,0,0,0,0,0,0,0,0,746839629.1084216,69643919.67047566,146000000.0,24219.23493604985,0.07638984794506917
0,0,0,0,0,0,1,1,0,0,0,0,0,0,0,1,3,0,0,3,0,0,9,0,0,0,0,0,0,0,0,182152192.83875483,130743256.58805355,61400000.0,3666.3196738976408,0.044479115337221126
0,1,0,0,0,0,0,0,0,0,0,0,0,0,0,0,0,0,0,3,0,0,9,0,0,0,0,0,0,0,0,525915885.56079507,88451750.93367727,84600000.0,0.0,0.34690117157354866
1,0,0,0,0,0,1,1,1,0,0,0,0,0,0,1,1,0,0,7,0,0,10,0,0,0,7,7,3,0,0,2180494.713224987,212881846.2521019,176700000.0,48.55371010441624,0.00034970294975999967
1,0,0,0,0,1,1,1,1,0,1,0,0,0,0,2,0,0,0,5,0,0,9,0,0,0,0,0,0,0,0,19390411.945958383,100019154.30131644,515700000.0,634.8929898936558,0.0020810400679152435
1,0,0,0,0,0,0,1,1,0,0,0,0,0,0,3,0,0,0,5,0,0,10,0,0,0,0,0,0,0,0,86596379.4519945,103625123.3003211,146000000.0,2049.2104329781555,0.0061671303422815
0,0,0,0,0,0,1,0,1,0,0,0,0,0,0,3,3,0,0,1,0,0,6,0,0,0,0,0,0,0,0,701849746.6531985,111935425.32485196,61400000.0,29735.608984953553,0.05849282540110014
0,1,0,0,0,0,1,1,1,0,0,0,0,0,0,0,0,0,0,3,0,0,7,0,0,0,0,0,0,0,0,176652559.65293503,82064261.30142266,176700000.0,0.0,0.11255294859170964
0,0,0,0,0,0,1,0,0,0,0,0,0,0,0,0,3,0,0,4,0,0,10,0,0,0,0,0,0,0,0,135486351.41112196,139865099.62416902,30700000.0,0.0,0.09415800907983718
0,0,0,0,0,0,0,1,0,0,0,0,0,0,0,0,1,0,0,0,0,0,8,0,0,0,0,0,0,0,0,1621491723.22436,69979938.99472135,30700000.0,0.0,0.9746200081463443
0,0,0,0,0,0,0,0,1,0,0,0,0,0,0,1,3,0,0,6,0,0,9,3,0,0,1,0,3,0,0,64315518.380891204,218360401.6203511,30700000.0,1108.1106746879564,0.02673367082918335
0,0,0,0,0,0,0,0,0,0,0,0,0,0,0,1,2,0,0,3,0,0,9,0,0,0,0,0,0,0,0,552882044.2829512,125706954.17077935,0.0,10149.760300521448,0.1309645834679883
0,0,0,0,0,0,1,0,1,0,0,0,0,0,0,0,0,0,0,0,0,0,5,0,0,0,0,0,0,0,0,4033070654.81994,28798397.130608946,61400000.0,0.0,2.1001770464071647
0,0,0,0,0,0,0,0,0,0,0,0,0,0,0,0,2,0,0,0,0,0,0,0,0,0,0,0,0,0,0,3664569851.466814,37255203.23710208,0.0,0.0,3.669238056619643
1,0,0,0,0,0,1,0,1,0,0,0,0,0,0,3,1,0,0,5,0,0,9,0,0,0,0,0,0,0,0,41606496.99677133,132714055.39547837,146000000.0,1695.9816620862505,0.003548077387326303
0,0,0,0,0,0,0,0,1,0,0,0,0,0,0,0,1,0,0,0,0,0,7,0,0,0,0,0,0,0,0,1653021425.5872495,66916462.83248448,30700000.0,0.0,1.0135659502869432
0,0,0,0,0,0,1,1,0,0,0,0,0,0,0,0,3,0,0,0,0,0,7,0,0,0,0,0,0,0,0,1135371839.1006823,76513067.39269884,61400000.0,0.0,0.7068860442168939
0,0,0,0,0,0,1,1,0,0,0,0,0,0,0,3,3,0,0,6,0,0,10,0,0,0,1,4,3,0,0,24919407.31673696,199250444.29940766,61400000.0,1001.2963615375089,0.002340660746353494
1,0,0,0,0,0,1,1,1,1,0,0,0,0,0,2,0,0,0,1,0,0,5,0,0,0,0,0,0,0,0,515505272.8117609,67043519.082373,297900000.0,16360.663108119235,0.05207617353561327
1,0,0,0,0,0,1,1,1,0,0,1,0,0,0,0,2,0,0,4,0,0,8,0,0,0,2,1,0,0,0,40845486.45581976,141991050.04278788,297900000.0,0.0,0.02850305738432131
0,0,0,0,0,0,0,0,1,0,0,0,0,0,0,0,3,0,0,0,0,0,0,0,0,0,0,0,0,0,0,3529871279.4142,42291505.65437629,30700000.0,0.0,3.5545071645230264
0,1,0,0,0,0,1,0,1,0,1,0,0,0,0,0,0,0,0,7,0,0,10,0,0,0,0,0,0,0,0,45246005.57757772,117530470.64053047,267200000.0,0.0,0.022183623061525347
0,1,0,0,0,0,0,0,0,0,0,0,0,0,0,1,0,0,0,6,0,0,10,0,0,0,0,0,0,0,0,221964560.2582517,110260123.8096867,84600000.0,3163.9740186012104,0.08450897649207487
1,1,0,0,0,0,1,1,1,0,0,0,0,0,0,3,0,0,0,3,0,0,7,0,0,0,0,0,0,0,0,131662677.19771187,82064261.30142266,261300000.0,5457.577974619447,0.010887300876049959
0,0,1,0,0,0,1,1,0,0,0,0,0,0,0,3,0,0,0,3,0,0,9,0,0,0,0,0,0,0,0,227142075.29397798,88451750.93367727,146000000.0,7915.013098305789,0.017445424734028905
0,1,0,0,0,0,0,0,0,0,0,0,0,0,0,1,0,0,0,4,0,0,9,0,0,0,0,0,0,0,0,273225588.86931384,93967624.97078806,84600000.0,4572.405813394427,0.07375133801543482
0,0,0,0,0,0,0,0,1,0,0,0,0,0,0,0,2,0,0,0,0,0,0,0,0,0,0,0,0,0,0,3601827320.5915794,37255203.23710208,30700000.0,0.0,3.5932219438740716
0,1,0,0,0,0,0,1,1,0,0,0,0,0,0,0,0,0,0,4,0,0,9,0,0,0,0,0,0,0,0,113445623.70496017,93967624.97078806,146000000.0,0.0,0.06980971554288681
0,0,1,0,0,0,0,0,0,0,0,0,0,0,0,0,0,0,0,2,0,0,8,0,0,0,0,0,0,0,0,903002128.0961434,80103453.57205722,84600000.0,0.0,0.7007561802873471
0,1,0,0,0,0,1,1,1,0,1,1,0,0,0,3,0,0,0,2,0,0,7,0,0,0,0,0,0,0,0,230913280.1176142,77039977.40982035,419100000.0,8189.666641697757,0.017310254138749665
1,1,0,0,0,0,1,1,1,1,0,1,0,0,0,1,0,0,0,0,0,0,0,0,0,0,0,1,0,0,0,3008670404.9405084,6320800.309666242,503700000.0,58517.628381183385,1.1576134823832842
1,0,0,0,0,0,0,1,1,0,0,0,0,0,0,3,1,0,0,0,0,0,7,0,0,0,0,0,0,0,0,1135371839.1006823,66916462.83248448,146000000.0,49286.76023814612,0.08482632530602727
0,1,1,0,0,0,0,1,1,0,1,1,0,0,0,0,0,0,0,7,0,0,10,0,0,0,0,0,0,0,0,7590984.381887361,117530470.64053047,473000000.0,0.0,0.007191895176698275
0,0,0,0,0,0,0,1,1,0,0,0,0,0,0,0,2,0,0,0,0,0,6,0,0,0,0,0,0,0,0,1209933259.0450113,68654000.95581369,61400000.0,0.0,0.7487249881431071
1,0,1,1,0,1,1,1,1,0,1,1,0,0,0,3,0,0,0,1,0,0,6,0,0,0,0,0,0,0,0,420558880.106267,69643919.67047566,939300000.0,18064.44663842994,0.032062904334543195
1,1,1,0,0,0,1,1,1,0,1,0,0,0,0,3,0,0,0,5,0,0,9,0,0,0,0,3,0,0,0,19390411.945958383,108472561.99792449,467100000.0,788.7611733267066,0.0016648320543321948
0,1,0,0,0,0,1,1,1,0,0,0,0,0,0,2,0,0,0,1,0,0,6,0,0,0,0,0,0,0,0,478904846.87268853,69643919.67047566,176700000.0,15170.386867068326,0.04524158177601866
0,1,0,0,0,0,0,0,0,0,0,0,0,0,0,1,0,0,0,0,0,0,7,0,0,0,0,0,0,0,0,1406343013.2531667,34221561.73832255,84600000.0,27985.443996254467,0.3496289165112714
0,1,0,0,0,0,1,1,1,0,0,0,0,0,0,0,0,0,0,4,0,0,8,0,0,0,0,0,0,0,0,112283399.6679812,90643611.50077033,176700000.0,0.0,0.06838046238165535
0,1,0,0,0,0,1,1,1,0,0,0,0,0,0,0,0,0,0,0,1,0,5,0,0,0,0,0,0,0,0,664012309.8525587,67043519.082373,176700000.0,0.0,0.43803337424814437
1,1,1,0,0,0,1,1,1,0,1,0,0,0,0,3,0,0,0,4,0,0,9,0,0,0,0,0,0,0,0,40845486.45581976,93967624.97078806,467100000.0,1674.091425382379,0.0034203668861185563
0,1,0,0,0,0,0,1,0,0,0,0,0,0,0,1,0,0,0,0,0,0,8,0,0,0,0,0,0,0,0,1241999164.3708847,37285037.900559425,115300000.0,25183.203590890018,0.27999452651059903
0,1,0,0,0,0,1,1,1,0,0,0,0,0,0,2,2,0,0,5,0,0,10,0,0,0,1,0,7,0,0,21458287.278503627,191394640.39222908,176700000.0,713.8672714962117,0.002226621481870264
0,0,0,0,0,0,1,0,1,0,0,0,0,0,0,0,1,0,0,0,0,0,5,0,0,0,0,0,0,0,0,2144019164.6233242,61493298.22477088,61400000.0,0.0,1.6266703444588906
0,0,0,0,0,0,1,1,1,0,0,0,0,0,0,3,3,0,0,3,0,0,7,0,0,0,0,0,0,0,0,131662677.19771187,124355766.95579895,92100000.0,5457.577974619447,0.010887300876049959
1,1,0,0,0,0,1,1,1,0,1,0,0,0,0,1,0,0,0,7,0,0,8,0,0,0,0,0,0,0,0,36205244.28068155,110600488.17150807,382500000.0,595.0293187925647,0.01724554989263222
0,0,0,0,0,0,1,1,1,0,0,0,0,0,0,1,2,0,0,0,0,0,6,0,0,0,0,0,0,0,0,931401754.0692613,68654000.95581369,92100000.0,18570.66097239042,0.20596769267265594
0,0,0,0,0,0,0,0,1,0,0,0,0,0,0,0,4,0,0,6,0,0,10,3,0,0,1,2,3,0,0,48677892.234349124,236224272.93027088,30700000.0,0.0,0.05160601476529578
1,0,0,0,0,0,1,1,1,0,1,1,0,0,0,2,0,1,0,7,0,0,9,0,0,0,0,1,0,0,0,17832614.850336343,152940203.04535398,419100000.0,200.97425412242723,0.0013873655076692367
1,0,1,0,0,0,1,1,1,0,0,0,0,0,0,3,0,0,0,2,0,0,6,0,0,0,0,0,0,0,0,235292951.08031416,74217213.3902094,261300000.0,9894.466523053412,0.018673823028489626
0,1,0,0,0,0,1,1,1,1,1,1,0,0,0,0,0,0,0,0,0,0,3,0,0,0,0,0,0,0,0,1373207546.2952342,24198032.45136138,540300000.0,0.0,1.2718700404405654
0,0,0,0,0,0,1,1,0,0,0,0,0,0,0,3,4,0,0,6,0,0,10,0,0,3,3,1,7,0,0,22952150.513384122,227837535.52435794,61400000.0,906.0766918943863,0.002241081114275838
0,0,0,0,0,0,0,0,0,0,0,0,0,0,0,0,1,0,0,0,0,0,7,0,0,0,0,0,0,0,0,1786935671.428459,66916462.83248448,0.0,0.0,1.168742274604047
1,1,0,0,0,0,1,1,1,0,0,1,0,0,0,0,0,0,0,1,0,0,6,0,0,0,0,0,0,0,0,427298560.99870366,69643919.67047566,382500000.0,0.0,0.27352683827812074
0,1,0,1,0,0,1,1,1,0,1,1,0,0,0,0,0,0,0,7,0,0,9,0,0,0,0,2,0,0,0,4212389.0212350935,121256581.86104758,636900000.0,0.0,0.0028185137133734644
0,0,0,0,0,0,1,0,1,0,0,0,0,0,0,0,2,0,0,0,0,0,7,0,0,0,0,0,0,0,0,1207327880.2780616,71476764.97542462,61400000.0,0.0,0.7456008235679392
0,1,0,0,0,0,1,1,1,0,1,0,0,0,0,3,0,0,0,6,0,0,9,0,0,0,0,0,0,0,0,45246005.57757772,106654154.81068204,297900000.0,360.59607459135844,0.002662034767383041
0,0,0,0,0,0,1,0,0,0,0,0,0,0,0,0,4,0,0,8,0,0,10,4,0,3,7,4,3,0,0,26863171.37623703,278433634.87280464,30700000.0,0.0,0.03641548835437582
0,0,0,0,0,0,0,1,1,0,0,0,0,0,0,2,1,0,0,1,0,0,7,0,0,0,0,0,0,0,0,1059935096.9841174,105161584.78424853,61400000.0,25014.284899268976,0.09406829100416335
0,1,0,0,0,0,1,1,1,0,1,1,0,0,0,1,0,0,0,0,0,0,5,0,0,0,0,0,0,0,0,722479358.592248,28798397.130608946,419100000.0,14456.365005764415,0.15913810002744283
0,0,1,0,0,0,0,1,0,0,0,0,0,0,0,2,0,0,0,5,0,0,10,0,0,0,0,0,0,0,0,114352579.07465449,103625123.3003211,115300000.0,2560.7115896849236,0.010661710485962077
0,1,0,0,1,0,1,1,1,0,0,0,0,0,0,1,0,0,0,4,0,0,8,0,0,0,0,0,0,0,0,67293517.21275803,90643611.50077033,394500000.0,1341.626853532852,0.01675980759253034
0,0,0,0,0,0,0,0,0,0,0,0,0,0,0,1,3,0,0,4,0,0,9,0,0,0,0,0,0,0,0,228235706.41409075,136259130.62516436,0.0,4401.143379022595,0.06589417915056922
0,1,0,0,0,0,1,1,1,0,0,0,0,0,0,0,1,0,0,0,0,0,5,0,0,0,0,0,0,0,0,859445712.8918821,61493298.22477088,176700000.0,0.0,0.5334177002952211
1,1,0,0,0,0,1,1,1,0,0,1,0,0,0,2,0,0,0,0,0,0,5,0,0,0,0,0,0,0,0,755016283.873474,28798397.130608946,382500000.0,26417.79702353547,0.07030849498242157
0,0,0,1,0,1,1,1,1,0,1,1,0,0,0,0,0,0,0,7,0,0,10,0,0,1,0,0,0,0,0,3866510.883157341,123851270.95019671,770100000.0,0.0,0.0026718330435983725
0,0,0,0,0,0,0,0,1,0,0,0,0,0,0,3,2,0,0,3,0,0,8,0,0,0,0,0,0,0,0,322453884.8391739,122382940.70076162,30700000.0,11314.93520108292,0.02511229806875105
0,0,0,0,0,0,0,0,0,0,0,0,0,0,0,0,2,0,0,0,0,0,9,0,0,0,0,0,0,0,0,1314381655.8501399,77864254.60767925,0.0,0.0,0.837667530452854
0,0,0,0,0,0,1,0,0,0,0,0,0,0,0,0,3,0,0,0,0,0,8,0,0,0,0,0,0,0,0,1197009281.915661,79576543.55493572,30700000.0,0.0,0.7559371323492597
0,0,1,0,0,0,0,0,0,0,0,0,0,0,0,0,0,0,0,0,0,0,8,0,0,0,0,0,0,0,0,1321700690.8640306,37285037.900559425,84600000.0,0.0,0.8649724051518534
0,0,1,0,0,0,1,1,1,0,0,0,0,0,0,0,0,0,0,3,0,0,6,0,0,0,0,0,0,0,0,205215876.05640435,79241497.28181171,176700000.0,0.0,0.1476871306670432
0,0,0,0,0,0,0,0,0,0,0,0,0,0,0,3,3,0,0,5,0,0,10,0,0,0,0,0,0,0,0,150026723.28177035,145916628.9546974,0.0,5514.449011775661,0.018928810078731748
0,0,0,0,0,0,0,1,1,0,0,0,0,0,0,3,2,0,0,3,0,0,7,0,0,0,0,0,0,0,0,288256882.39343846,119319464.53852475,61400000.0,9707.010906742915,0.024744242155583657
0,1,0,0,0,0,1,1,1,0,0,1,0,0,0,2,0,0,0,5,0,0,9,0,0,0,0,0,0,0,0,64380294.40118155,100019154.30131644,297900000.0,919.2153907062686,0.00535485626160924
0,0,0,0,0,0,1,1,1,1,0,0,0,0,0,2,2,0,0,0,0,0,5,0,0,0,0,0,0,0,0,826972325.0508535,66053600.36771102,213300000.0,27171.37112130407,0.07611571188507839
0,0,0,0,0,0,1,1,0,0,0,0,0,0,0,0,3,0,0,0,0,0,0,0,0,0,0,0,0,0,0,3466552767.9041657,42291505.65437629,61400000.0,0.0,3.5022542142744135
0,0,0,0,0,0,0,1,0,0,0,0,0,0,0,2,2,0,0,1,0,0,7,0,0,0,0,0,0,0,0,1023548014.2354865,109721886.9271887,30700000.0,33352.40013410892,0.10024091978270117
0,1,0,0,0,0,1,1,1,0,1,1,0,0,0,1,0,0,0,0,0,0,4,0,0,0,0,0,0,0,0,815103074.6289945,26403379.542306438,419100000.0,16213.835161586667,0.199122237845697
0,1,1,0,0,0,1,1,1,0,0,0,0,0,0,0,0,0,0,0,0,0,5,0,0,0,0,0,0,0,0,859445712.8918821,28798397.130608946,261300000.0,0.0,0.5334177002952211
0,1,0,0,0,0,0,1,1,0,0,0,0,0,0,1,0,0,0,1,0,0,7,0,0,0,0,0,0,0,0,681527265.7179291,72466683.6900866,146000000.0,13349.2710337545,0.15514135987837221
0,0,0,0,0,0,0,1,0,0,0,0,0,0,0,3,2,0,0,4,0,0,8,0,0,0,0,0,0,0,0,243748005.56368315,127898814.73787239,30700000.0,7726.197510754141,0.021722584266939248
0,0,0,0,0,0,0,0,1,0,0,0,0,0,0,1,2,0,0,0,0,0,8,0,0,0,0,0,0,0,0,1268965323.0930407,74540241.1376615,30700000.0,25465.858730703505,0.2860746882121098
1,1,0,0,0,0,1,1,1,0,0,1,0,0,0,0,0,0,0,0,0,0,3,0,0,0,0,0,0,0,0,2874608585.935786,24198032.45136138,382500000.0,0.0,3.010371089411122
0,1,1,0,0,0,0,1,1,1,0,0,0,0,0,0,0,0,0,5,0,0,10,0,0,5,0,0,0,0,0,19641958.268939406,114693894.98657556,351800000.0,0.0,0.014225381683734148
0,0,0,0,0,0,0,1,0,0,0,0,0,0,0,1,3,0,0,7,0,0,9,3,0,0,0,0,1,0,0,68650143.38816881,213995636.1853224,30700000.0,1203.980085015179,0.027497060662587187
1,0,0,0,0,0,1,1,1,0,0,0,0,0,0,2,0,0,0,2,0,0,6,0,0,0,0,0,0,0,0,280282833.53553736,74217213.3902094,176700000.0,8248.61837107341,0.02661609497930604
1,0,0,0,0,1,1,1,1,0,0,0,0,0,0,3,0,0,0,1,0,0,5,0,0,0,0,0,0,0,0,498810784.6500623,67043519.082373,394500000.0,21033.411015492573,0.042912365914519926
0,0,0,0,0,0,1,0,1,0,0,0,0,0,0,2,2,0,0,2,0,0,7,0,0,0,0,0,0,0,0,522100777.37858605,114295180.64692244,61400000.0,16058.672690448075,0.0500924056659777
0,0,0,0,0,0,0,0,0,0,0,0,0,0,0,3,2,0,0,0,0,0,8,0,0,0,0,0,0,0,0,1348666849.5861866,74540241.1376615,0.0,55191.98024519717,0.10582340918539268
0,0,0,0,0,0,1,0,0,0,0,0,0,0,0,3,3,0,0,2,0,0,7,0,0,0,0,0,0,0,0,613258579.7646142,119331483.06419665,30700000.0,25004.950462190955,0.05922641267085555
0,0,0,0,0,0,1,1,1,0,0,0,0,0,0,2,3,0,0,0,0,0,5,0,0,0,0,0,0,0,0,859445712.8918821,71089902.78498524,92100000.0,30076.62478217643,0.08001265504428316
0,1,0,0,0,0,0,0,0,0,0,0,0,0,0,2,0,0,0,5,0,0,10,0,0,3,0,0,0,0,0,195016605.7369935,112078530.99692915,84600000.0,4723.03609400325,0.02693482879210868
0,1,0,0,0,0,1,1,1,1,1,1,0,0,1,0,0,0,0,1,0,0,5,0,0,0,0,0,0,0,0,458750247.0759012,67043519.082373,796400000.0,0.0,0.28264325779669514
0,0,1,0,0,0,0,1,0,0,0,0,0,0,0,0,0,0,0,4,0,0,8,0,0,0,0,0,0,0,0,216781846.84152693,90643611.50077033,115300000.0,0.0,0.1641321974980749
0,0,0,0,0,0,0,0,0,0,0,0,0,0,0,3,2,0,0,4,0,0,9,0,0,0,0,0,0,0,0,300191747.59147006,131222828.20789012,0.0,10013.563215991324,0.02661049990564853
0,0,0,0,0,0,1,1,0,0,0,0,0,0,0,2,2,0,0,1,0,0,6,0,0,0,0,0,0,0,0,773805787.8305777,106899122.90757775,61400000.0,24688.486633005832,0.078923248654032
0,0,0,0,0,0,1,0,1,0,0,0,0,0,0,0,2,0,0,0,0,0,0,0,0,0,0,0,0,0,0,3538508809.081545,37255203.23710208,61400000.0,0.0,3.5409689936254587
0,0,0,0,0,0,1,0,1,0,0,0,0,0,0,2,3,0,0,5,0,0,9,0,0,0,1,0,0,0,0,41606496.99677133,148631460.26535898,61400000.0,1365.1367545201824,0.00443509673415788
0,0,0,0,0,0,0,0,1,0,0,0,0,0,0,0,3,0,0,0,0,0,7,0,0,0,0,0,0,0,0,1228538984.2785506,76513067.39269884,30700000.0,0.0,0.7948830744898585
0,0,0,0,0,0,0,0,0,0,0,0,0,0,0,0,0,0,0,0,0,0,6,0,0,0,0,0,0,0,0,5836424630.279561,31398797.71871161,0.0,0.0,3.8216575309912977
1,0,0,0,0,0,1,1,1,1,1,1,0,0,0,3,0,0,0,0,0,0,4,0,0,0,0,0,0,0,0,636577439.3600243,26403379.542306438,540300000.0,26088.074725154354,0.0466273629970229
0,0,0,0,0,0,1,1,0,0,0,0,0,0,0,3,3,0,0,7,0,0,9,5,0,3,0,0,7,0,0,14110989.436719343,247830107.6425763,61400000.0,480.68297552948695,0.0021593365125853756
0,0,0,0,0,0,1,1,1,0,0,0,0,0,0,0,1,0,0,0,0,0,5,0,0,0,0,0,0,0,0,1282076909.6830616,61493298.22477088,92100000.0,0.0,0.7509337152303983
0,0,0,0,0,0,0,1,1,0,0,0,0,0,0,3,2,0,0,1,0,0,7,0,0,0,0,0,0,0,0,708493424.4400853,109721886.9271887,61400000.0,28115.847732983966,0.05374050719329432
0,0,0,0,0,0,0,0,0,0,0,0,0,0,0,2,4,1,0,9,0,0,10,4,0,3,0,4,3,0,0,45298487.013922125,305928682.30655086,0.0,1195.0420208838932,0.009288295359334082
0,0,0,0,0,0,1,0,0,0,0,0,0,0,0,0,4,0,0,5,3,0,10,3,0,0,5,1,3,0,0,23120898.873143777,290826607.0835544,30700000.0,0.0,0.016417542871706846
0,0,1,0,0,0,0,1,1,0,0,0,0,0,0,0,0,0,0,3,0,0,7,0,0,0,0,0,0,0,0,261290723.67128226,82064261.30142266,146000000.0,0.0,0.18931267990344497
1,0,0,0,0,0,1,1,1,0,1,0,0,0,0,0,0,0,0,2,0,0,5,0,0,0,0,0,0,0,0,398099083.159648,71616812.80210674,297900000.0,0.0,0.31948226009239633
0,0,0,0,0,0,0,0,0,0,0,0,0,0,0,0,3,0,0,0,0,0,8,0,0,0,0,0,0,0,0,1276710808.4088073,79576543.55493572,0.0,0.0,0.8431469638605601
1,1,0,0,0,0,1,1,1,0,0,0,0,0,0,0,0,0,0,0,0,0,0,0,0,0,0,0,0,0,0,3190626641.6953654,0.0,261300000.0,0.0,3.3287858703527404
1,1,0,0,0,0,0,1,1,0,0,0,0,0,0,3,0,0,0,4,0,0,9,0,0,0,0,0,0,0,0,68455741.249737,93967624.97078806,230600000.0,2801.9905087529764,0.00575811291019122
0,0,0,0,0,0,1,1,0,0,0,0,0,0,0,0,3,0,0,0,0,0,6,0,0,0,0,0,0,0,0,1137977217.867632,73690303.3730879,61400000.0,0.0,0.7100102087920618
0,0,0,0,0,0,0,1,0,0,0,0,0,0,0,2,2,0,0,0,0,0,7,0,0,0,0,0,0,0,0,1300495025.4559302,71476764.97542462,30700000.0,43231.42402997615,0.1250396780761356
1,1,0,0,0,0,1,1,1,0,0,0,0,0,0,2,0,0,0,4,0,0,7,0,0,0,0,0,0,0,0,116533872.94067158,87580135.33853345,261300000.0,3695.5886222291856,0.01620177013583652
1,0,0,0,0,0,0,0,0,0,0,0,0,0,0,1,0,0,0,2,0,0,9,0,0,0,0,0,0,0,0,728938449.1239623,83427467.04207496,84600000.0,14085.953488336938,0.17145481210768126
0,0,0,0,0,0,1,0,0,0,0,0,0,0,0,3,4,0,0,6,0,0,10,5,0,0,0,0,2,0,0,52612405.8410548,225985022.6956604,30700000.0,1979.2576661385294,0.0063918810359908035
0,0,0,0,0,0,0,0,0,0,0,0,0,0,0,3,3,0,0,7,0,0,10,4,0,0,0,3,3,0,0,67364754.19501524,235574189.41433874,0.0,2392.448649354102,0.009295713204493562
1,1,0,0,0,0,1,1,1,0,0,0,0,0,0,0,0,0,0,0,0,0,4,0,0,0,0,0,0,0,0,1819603386.2382193,26403379.542306438,261300000.0,0.0,1.6847629970699507
0,0,0,0,0,0,1,1,0,0,0,0,0,0,0,3,4,0,0,6,1,0,10,3,0,3,0,2,3,0,0,8804636.320313867,285671441.20386404,61400000.0,348.62931845778894,0.0008484073429112493
0,0,0,0,0,0,1,0,1,0,0,0,0,0,0,0,1,0,0,1,0,0,6,0,0,0,0,0,0,0,0,1125247460.3746097,102338820.7646376,61400000.0,0.0,0.7054393711105161
0,0,1,0,0,0,1,1,1,0,0,0,0,0,0,0,0,0,0,3,0,0,8,0,0,0,0,0,0,0,0,173822719.0522572,85127737.46365952,176700000.0,0.0,0.10900126083199177
1,0,1,1,1,0,1,1,1,1,1,1,0,0,0,1,0,0,0,1,0,0,6,0,0,0,0,0,0,0,0,413760364.62067795,69643919.67047566,1060500000.0,8652.4341009854,0.09389441394194466
0,1,1,0,0,0,1,1,1,1,1,1,0,0,0,3,0,0,0,0,0,0,4,0,0,0,0,0,0,0,0,591587556.9048015,26403379.542306438,624900000.0,25734.845954262448,0.044008310042067705
0,1,0,0,0,1,1,1,0,0,0,0,0,0,0,0,0,0,0,4,0,0,8,0,0,0,0,0,0,0,0,102604389.62704128,90643611.50077033,363800000.0,0.0,0.0919184147047976
0,0,0,0,0,0,1,1,1,0,0,0,0,0,0,3,3,0,0,7,0,0,10,0,0,7,1,0,4,0,0,0.0,215457579.57777232,92100000.0,0.0,0.0
0,0,0,0,0,0,0,1,1,0,0,0,0,0,0,1,4,0,0,6,3,0,10,3,0,7,1,0,4,0,0,7650716.837794707,306133702.55633366,61400000.0,146.4366370738402,0.002241081114275838
0,1,0,0,0,0,1,1,1,1,1,0,0,0,0,3,0,0,0,1,0,0,5,0,0,0,0,0,0,0,0,465548762.5614903,67043519.082373,419100000.0,18417.675409321844,0.03468195728949839
1,0,0,0,0,0,1,1,1,0,0,0,0,0,0,0,1,0,0,7,0,0,10,0,0,0,0,7,3,0,0,4360989.426449974,194838549.5585716,176700000.0,0.0,0.0019427941653333317
0,1,0,1,0,0,1,1,0,0,0,0,0,0,0,2,0,0,0,5,0,0,9,0,0,0,3,0,0,0,0,41606496.99677133,108472561.99792449,363800000.0,1365.1367545201824,0.00443509673415788
1,1,1,0,0,0,1,1,1,1,1,1,0,0,0,3,0,0,0,0,0,0,0,0,0,0,0,0,0,0,0,2922768485.708285,0.0,709500000.0,116964.43043695597,0.3794524904489701
0,1,0,0,0,0,1,1,1,0,0,0,0,0,0,3,1,0,0,4,0,0,9,0,0,0,0,0,0,0,0,67293517.21275803,126662526.06494999,176700000.0,2767.105385411507,0.005586602530843447
0,0,0,0,0,0,1,0,0,0,0,0,0,0,0,3,3,0,0,8,0,0,10,4,0,0,0,4,3,0,0,31010922.892814852,244777937.91992602,30700000.0,1083.6309971640212,0.004586005884522754
0,0,0,0,0,0,1,1,0,0,0,0,0,0,0,3,3,0,0,4,0,0,8,0,0,0,0,0,0,0,0,102604389.62704128,132935117.15514661,61400000.0,4011.0120913247865,0.011030209764575711
0,0,0,0,0,0,0,0,0,0,0,0,0,0,0,0,2,0,0,0,0,0,7,0,0,0,0,0,0,0,0,1433309171.9753227,71476764.0,0.0,0.0,0.9880807728132838
0,0,0,0,0,0,0,1,1,0,0,0,0,0,0,1,3,0,0,3,0,0,7,0,0,0,0,0,0,0,0,216300841.21605912,124355766.0,61400000.0,4252.5119563567005,0.060295405900374605
1,0,0,0,0,0,1,1,1,1,0,0,0,0,0,0,0,0,0,0,0,0,4,0,0,0,0,0,0,0,0,1028638162.912488,26403379.0,297900000.0,0.0,0.7647061855879366
0,0,0,0,0,0,0,0,0,0,0,0,0,0,0,0,3,0,0,0,0,0,0,0,0,0,0,0,0,0,0,3592613810.2894344,42291505.0,0.0,0.0,3.630523277268598
0,1,0,0,0,0,1,1,1,0,0,0,0,0,0,0,0,0,0,0,0,0,4,0,0,0,0,0,0,0,0,1864593268.6934423,26403379.0,176700000.0,0.0,1.706588438361244
1,1,1,1,0,0,1,1,1,0,1,1,0,0,0,0,0,0,0,2,0,0,6,0,0,0,0,0,0,0,0,213234750.30864507,74217213.0,806100000.0,0.0,0.15517629494401047
1,1,0,0,0,0,1,1,1,1,1,1,0,0,0,0,0,0,0,1,0,0,4,0,0,0,0,0,0,0,0,491709015.127427,64648501.49407049,624900000.0,0.0,0.3542876857177166
0,0,0,0,0,0,0,0,0,0,0,0,0,0,0,0,1,0,0,0,0,0,8,0,0,0,0,0,0,0,0,1702293349.0393229,69979938.99472135,0.0,0.0,1.062523245002369
0,0,0,0,0,0,0,0,0,0,0,0,0,0,0,0,4,0,0,8,0,0,10,4,0,0,6,5,3,0,0,47070798.63434498,266766719.5299818,0.0,0.0,0.06324469626193538
0,1,0,0,0,0,1,1,1,0,1,1,0,0,0,0,0,0,0,0,0,0,3,0,0,0,0,0,0,0,0,2281185140.3339906,24198032.45136138,419100000.0,0.0,2.3111272229034308
0,0,1,0,0,0,0,0,0,0,0,0,0,0,0,1,0,0,0,0,0,0,9,0,0,0,0,0,0,0,0,1287415497.1279838,40609051.370577164,84600000.0,25890.30226616936,0.2954801492615167
1,1,1,0,0,0,1,1,1,0,0,0,0,0,0,0,0,0,0,4,0,0,9,0,0,0,0,0,0,0,0,67293517.21275803,93967624.97078806,345900000.0,0.0,0.04655502109036205
0,1,0,0,0,0,1,1,1,1,1,1,0,0,0,0,0,0,1,0,0,0,4,0,0,0,0,0,0,0,0,621580811.87495,59098280.63646837,540300000.0,0.0,0.3812862112114265
0,1,0,0,0,0,1,1,1,0,0,1,0,0,0,0,0,0,0,0,0,0,3,0,0,0,0,0,0,0,0,2919598468.391009,24198032.45136138,297900000.0,0.0,3.0321965307024157
0,0,0,0,0,0,0,0,0,0,0,0,0,0,0,1,1,0,0,3,0,0,9,0,0,0,0,0,0,0,0,906508543.7360873,121146652.02783921,0.0,11621.767150078258,0.19600272411266306
0,1,0,0,0,0,1,1,1,1,1,1,0,0,0,3,0,0,0,0,0,0,0,0,0,0,0,0,0,0,0,2967758368.163508,0.0,540300000.0,117317.65920784787,0.3820715434039253
0,0,0,0,0,0,0,0,0,0,0,0,0,0,0,0,3,0,0,6,0,0,10,3,0,0,0,0,0,0,0,87453995.8759538,186412880.59689426,0.0,0.0,0.09169902165749134
0,0,0,0,0,0,0,0,0,0,0,0,0,0,0,3,1,0,0,2,0,0,9,0,0,0,0,0,0,0,0,1109531107.2992544,116122368.1362369,0.0,32671.269422771165,0.08085770481795561
0,0,0,0,0,0,1,1,1,0,0,0,0,0,0,2,3,0,0,5,0,0,9,0,0,0,0,1,3,0,0,23425544.08185646,178982986.30773896,92100000.0,790.511891947589,0.0023510960219673333
0,0,0,0,0,0,0,1,1,0,0,0,0,0,0,0,3,0,0,4,0,0,9,0,0,0,0,0,0,0,0,68455741.249737,136259130.62516436,61400000.0,0.0,0.0479842742515935
0,0,1,0,0,0,1,1,1,0,1,1,0,0,0,3,0,0,0,4,0,0,7,0,0,0,0,0,0,0,0,85494659.85423875,87580135.33853345,419100000.0,2016.8175709107127,0.005993606740096913
0,0,0,0,0,0,0,1,1,0,0,0,0,0,0,0,1,0,0,0,0,0,0,0,0,0,0,0,0,0,0,3889950481.625577,32694901.094161935,61400000.0,0.0,3.7202533737090953
1,1,0,0,0,0,1,1,1,1,0,0,0,0,0,3,0,0,0,2,0,0,6,0,0,0,0,0,0,0,0,232063835.72734183,74217213.3902094,382500000.0,9791.130392588464,0.0183010525455864
0,0,0,0,0,0,0,0,0,0,0,0,0,0,0,0,1,0,0,0,0,0,0,0,0,0,0,0,0,0,0,4018196350.91995,32694901.094161935,0.0,0.0,3.8498995584104065
0,0,0,0,0,0,0,1,0,0,0,0,0,0,0,3,3,0,0,1,0,0,7,0,0,0,0,0,0,0,0,951591973.0581074,114758189.3444629,30700000.0,40499.247405147515,0.07554696230403546
0,1,0,0,0,0,0,0,1,0,0,0,0,0,0,1,0,0,0,3,0,0,9,0,0,0,0,0,0,0,0,295487726.1170177,88451750.93367727,115300000.0,5203.374048590354,0.06925673250474239
1,1,0,0,0,0,1,1,1,0,1,0,0,0,0,2,0,0,0,3,0,0,7,0,0,0,1,0,0,0,0,106113709.21327719,88385061.6110889,382500000.0,3538.6401796669497,0.011011289711488606
0,0,0,0,0,0,0,0,0,0,0,0,0,0,0,3,3,0,0,7,0,0,10,3,0,3,4,2,0,1,0,65397497.391662404,247173540.10861915,0.0,2297.2289797109793,0.009196133572415905
1,1,0,0,0,0,1,1,1,0,0,1,0,0,0,2,0,0,0,0,0,0,0,0,0,0,0,0,0,0,0,3086197212.6769576,0.0,382500000.0,99850.701199946,0.4896137204910496
